{"text": " Nu komt Stafsgroot, zeker met nieuwe onderdelen, naar Miels garage.", "segments": [{"id": 0, "seek": 0, "start": 0.0, "end": 4.32, "text": " Nu komt Stafsgroot, zeker met nieuwe onderdelen, naar Miels garage.", "tokens": [50364, 13612, 27760, 745, 2792, 82, 17427, 310, 11, 43844, 1131, 37029, 20756, 67, 14818, 11, 12762, 376, 44189, 14400, 13, 50580], "temperature": 0.0, "avg_logprob": -0.3306057142174762, "compression_ratio": 0.9571428571428572, "no_speech_prob": 0.08443441987037659}], "language": "Dutch"}