{"text": " Ja ja, maak je maar geen zorgen, ik leeg ze op het erf en dan kun je ze zelf sorteren. Sorry, maar ik moet ervan door. Dag.", "segments": [{"id": 0, "seek": 0, "start": 0.0, "end": 8.0, "text": " Ja ja, maak je maar geen zorgen, ik leeg ze op het erf en dan kun je ze zelf sorteren.", "tokens": [50364, 3530, 2784, 11, 463, 514, 1506, 10314, 21773, 22304, 1766, 11, 4320, 476, 1146, 5277, 999, 3639, 20228, 465, 3277, 8215, 1506, 5277, 26172, 262, 6122, 268, 13, 50764], "temperature": 0.0, "avg_logprob": -0.36824798583984375, "compression_ratio": 1.2058823529411764, "no_speech_prob": 0.10795502364635468}, {"id": 1, "seek": 0, "start": 8.0, "end": 12.0, "text": " Sorry, maar ik moet ervan door.", "tokens": [50764, 4919, 11, 10314, 4320, 12677, 1189, 9768, 2853, 13, 50964], "temperature": 0.0, "avg_logprob": -0.36824798583984375, "compression_ratio": 1.2058823529411764, "no_speech_prob": 0.10795502364635468}, {"id": 2, "seek": 0, "start": 12.0, "end": 13.0, "text": " Dag.", "tokens": [50964, 41866, 13, 51014], "temperature": 0.0, "avg_logprob": -0.36824798583984375, "compression_ratio": 1.2058823529411764, "no_speech_prob": 0.10795502364635468}], "language": "Dutch"}