{"text": " Kijk eens aan wie we daar hebben, stafsgroot en heb je wat onderdelen voor me meegebracht?", "segments": [{"id": 0, "seek": 0, "start": 0.0, "end": 6.5, "text": " Kijk eens aan wie we daar hebben, stafsgroot en heb je wat onderdelen voor me meegebracht?", "tokens": [50364, 591, 6940, 31246, 9904, 3355, 321, 12390, 12116, 11, 342, 2792, 82, 17427, 310, 465, 8007, 1506, 6858, 20756, 67, 14818, 7358, 385, 385, 2828, 23404, 30, 50689], "temperature": 0.0, "avg_logprob": -0.2914319356282552, "compression_ratio": 1.0975609756097562, "no_speech_prob": 0.005795126780867577}], "language": "Dutch"}