{"text": " Zeg, Meehl!", "segments": [{"id": 0, "seek": 0, "start": 0.0, "end": 2.0, "text": " Zeg, Meehl!", "tokens": [50364, 1176, 1146, 11, 376, 1653, 22950, 0, 50464], "temperature": 0.0, "avg_logprob": -0.6403192520141602, "compression_ratio": 0.5789473684210527, "no_speech_prob": 0.20211631059646606}], "language": "Dutch"}