{"text": " Een motor.", "segments": [{"id": 0, "seek": 0, "start": 0.0, "end": 1.0, "text": " Een motor.", "tokens": [50364, 25374, 5932, 13, 50414], "temperature": 0.0, "avg_logprob": -0.5378206570943197, "compression_ratio": 0.5555555555555556, "no_speech_prob": 0.5567469596862793}], "language": "Dutch"}