{"text": " Tja, dat is zo'n kleine pruttelende 1-cilinder 2-taktmotor. Je kunt hem zowel voorin als achterin de auto zetten.", "segments": [{"id": 0, "seek": 0, "start": 0.0, "end": 4.2, "text": " Tja, dat is zo'n kleine pruttelende 1-cilinder 2-taktmotor.", "tokens": [50364, 314, 2938, 11, 1137, 307, 5721, 6, 77, 22278, 582, 13478, 338, 5445, 502, 12, 3208, 5669, 568, 12, 83, 5886, 29778, 284, 13, 50574], "temperature": 0.0, "avg_logprob": -0.23502896626790365, "compression_ratio": 1.107843137254902, "no_speech_prob": 0.028644289821386337}, {"id": 1, "seek": 0, "start": 4.2, "end": 7.6000000000000005, "text": " Je kunt hem zowel voorin als achterin de auto zetten.", "tokens": [50574, 2588, 34199, 8636, 710, 305, 338, 7358, 259, 3907, 35557, 259, 368, 8399, 710, 30759, 13, 50744], "temperature": 0.0, "avg_logprob": -0.23502896626790365, "compression_ratio": 1.107843137254902, "no_speech_prob": 0.028644289821386337}], "language": "Dutch"}