{"text": " Zeilen en een mast? Dat kan van pas komen als de benzine op is.", "segments": [{"id": 0, "seek": 0, "start": 0.0, "end": 4.24, "text": " Zeilen en een mast? Dat kan van pas komen als de benzine op is.", "tokens": [50364, 4853, 17471, 465, 3881, 27055, 30, 9315, 4608, 3161, 1736, 27190, 3907, 368, 44335, 533, 999, 307, 13, 50576], "temperature": 0.0, "avg_logprob": -0.22884979702177502, "compression_ratio": 0.984375, "no_speech_prob": 0.040771760046482086}], "language": "Dutch"}