{"text": " Een megafoom?", "segments": [{"id": 0, "seek": 0, "start": 0.0, "end": 1.28, "text": " Een megafoom?", "tokens": [50364, 25374, 10816, 2792, 78, 298, 30, 50428], "temperature": 0.0, "avg_logprob": -0.8272909058464898, "compression_ratio": 0.6190476190476191, "no_speech_prob": 0.6131212115287781}], "language": "Dutch"}