{"text": " Ja, hier heb ik al een beetje aan zitten klunnelen, dat wordt een portier met een wc-handvat. Wel een beetje raar, dat geef ik toe, maar prima in orde hoor!", "segments": [{"id": 0, "seek": 0, "start": 0.0, "end": 6.0, "text": " Ja, hier heb ik al een beetje aan zitten klunnelen, dat wordt een portier met een wc-handvat.", "tokens": [50364, 3530, 11, 3296, 8007, 4320, 419, 3881, 27459, 9904, 35242, 9671, 409, 6396, 268, 11, 1137, 20365, 3881, 2436, 811, 1131, 3881, 261, 66, 12, 5543, 23352, 13, 50664], "temperature": 0.0, "avg_logprob": -0.24088606467613807, "compression_ratio": 1.368421052631579, "no_speech_prob": 0.0365961492061615}, {"id": 1, "seek": 0, "start": 6.0, "end": 10.0, "text": " Wel een beetje raar, dat geef ik toe, maar prima in orde hoor!", "tokens": [50664, 3778, 3881, 27459, 3342, 289, 11, 1137, 1519, 5666, 4320, 13976, 11, 10314, 19507, 294, 420, 1479, 43330, 0, 50864], "temperature": 0.0, "avg_logprob": -0.24088606467613807, "compression_ratio": 1.368421052631579, "no_speech_prob": 0.0365961492061615}], "language": "Dutch"}