{"text": " Geel staat altijd elegant.", "segments": [{"id": 0, "seek": 0, "start": 0.0, "end": 2.56, "text": " Geel staat altijd elegant.", "tokens": [50364, 2876, 338, 28836, 29191, 21117, 13, 50492], "temperature": 0.0, "avg_logprob": -0.4153138796488444, "compression_ratio": 0.7647058823529411, "no_speech_prob": 0.0368022583425045}], "language": "Dutch"}