{"text": " Mijn speciale motorkap.", "segments": [{"id": 0, "seek": 0, "start": 0.0, "end": 2.0, "text": " Mijn speciale motorkap.", "tokens": [50364, 376, 6041, 2121, 68, 2184, 1284, 569, 13, 50464], "temperature": 0.0, "avg_logprob": -0.3205011324449019, "compression_ratio": 0.7419354838709677, "no_speech_prob": 0.043709155172109604}], "language": "Dutch"}