{"task":"transcribe","language":"dutch","duration":84.83999633789062,"text":"Nee, jammer, maar deze kar hebben we al geshout. Je mag elke auto maar één keer tentoonstellen. Ik vind het ook jammer, maar dat zijn nu eenmaal de regels. Niks aan te doen. Dit is de scheidsrechter. Luister maar goed naar hem als je wilt weten hoeveel punten je voor je auto krijgt. Komt hier, komt hier, stel nu je fantastische auto's tentoon. Geen enkele auto is te klein of te groot, te zwak of te sterk. Kom je auto nu tentoonstellen. Er is plaats voor iedereen en maak kans op een leuke prijs. Fantastisch! Vijf punten, de hoogste score! We hebben een winnaar! Wat een succes! Vier punten, bijna topklasse! Slim gevonden! Drie punten, een echte uitdager! Ja, dat zijn dan twee punten. Als je nog beter wilt scoren, kun je nog altijd wat meer spullen op je auto monteren. Goed geprobeerd, maar jammer genoeg veel te weinig toeters en bellen. Je krijgt dus maar één punt. Maar geen nood, je kunt het altijd nog eens proberen. Je hebt jezelf overtroffen mijn beste. Deze auto is echt absolute topklasse. Je verdient de medaille voor meest blitse kar van Autostad. Daar kan Put-Put een punt aan zuigen. Reken maar!","segments":[{"id":0,"seek":0,"start":0.0,"end":11.520000457763672,"text":" Nee, jammer, maar deze kar hebben we al geshout.","tokens":[50364,22067,11,7872,936,11,10314,18040,7917,12116,321,419,5019,71,346,13,50940],"temperature":0.0,"avg_logprob":-0.31082236766815186,"compression_ratio":1.4690722227096558,"no_speech_prob":0.07219672203063965},{"id":1,"seek":0,"start":11.520000457763672,"end":15.359999656677246,"text":" Je mag elke auto maar één keer tentoonstellen.","tokens":[50940,2588,2258,806,330,8399,10314,39133,31531,7054,78,4068,8581,13,51132],"temperature":0.0,"avg_logprob":-0.31082236766815186,"compression_ratio":1.4690722227096558,"no_speech_prob":0.07219672203063965},{"id":2,"seek":0,"start":15.359999656677246,"end":19.239999771118164,"text":" Ik vind het ook jammer, maar dat zijn nu eenmaal de regels.","tokens":[51132,8316,20168,3639,7839,7872,936,11,10314,1137,8004,3822,3881,30371,368,1121,1625,13,51326],"temperature":0.0,"avg_logprob":-0.31082236766815186,"compression_ratio":1.4690722227096558,"no_speech_prob":0.07219672203063965},{"id":3,"seek":0,"start":19.239999771118164,"end":20.239999771118164,"text":" Niks aan te doen.","tokens":[51326,13969,82,9904,535,15159,13,51376],"temperature":0.0,"avg_logprob":-0.31082236766815186,"compression_ratio":1.4690722227096558,"no_speech_prob":0.07219672203063965},{"id":4,"seek":0,"start":20.239999771118164,"end":22.639999389648438,"text":" Dit is de scheidsrechter.","tokens":[51376,25270,307,368,25690,3742,265,26690,13,51496],"temperature":0.0,"avg_logprob":-0.31082236766815186,"compression_ratio":1.4690722227096558,"no_speech_prob":0.07219672203063965},{"id":5,"seek":0,"start":22.639999389648438,"end":27.399999618530273,"text":" Luister maar goed naar hem als je wilt weten hoeveel punten je voor je auto krijgt.","tokens":[51496,5047,1964,10314,16987,12762,8636,3907,1506,45357,40759,19709,303,338,4468,1147,1506,7358,1506,8399,27027,10463,13,51734],"temperature":0.0,"avg_logprob":-0.31082236766815186,"compression_ratio":1.4690722227096558,"no_speech_prob":0.07219672203063965},{"id":6,"seek":2740,"start":28.399999618530273,"end":32.20000076293945,"text":" Komt hier, komt hier, stel nu je fantastische auto's tentoon.","tokens":[50414,14286,83,3296,11,27760,3296,11,342,338,3822,1506,30665,7864,8399,311,7054,78,266,13,50604],"temperature":0.0,"avg_logprob":-0.3062009811401367,"compression_ratio":1.6137338876724243,"no_speech_prob":0.10957609862089157},{"id":7,"seek":2740,"start":32.20000076293945,"end":36.0,"text":" Geen enkele auto is te klein of te groot, te zwak of te sterk.","tokens":[50604,2876,268,465,330,306,8399,307,535,29231,295,535,41906,11,535,11873,514,295,535,342,10608,13,50794],"temperature":0.0,"avg_logprob":-0.3062009811401367,"compression_ratio":1.6137338876724243,"no_speech_prob":0.10957609862089157},{"id":8,"seek":2740,"start":36.0,"end":37.959999084472656,"text":" Kom je auto nu tentoonstellen.","tokens":[50794,14286,1506,8399,3822,7054,78,4068,8581,13,50892],"temperature":0.0,"avg_logprob":-0.3062009811401367,"compression_ratio":1.6137338876724243,"no_speech_prob":0.10957609862089157},{"id":9,"seek":2740,"start":37.959999084472656,"end":41.47999954223633,"text":" Er is plaats voor iedereen en maak kans op een leuke prijs.","tokens":[50892,3300,307,15256,1720,7358,47529,465,463,514,16030,999,3881,45970,1790,25530,13,51068],"temperature":0.0,"avg_logprob":-0.3062009811401367,"compression_ratio":1.6137338876724243,"no_speech_prob":0.10957609862089157},{"id":10,"seek":2740,"start":42.52000045776367,"end":43.52000045776367,"text":" Fantastisch!","tokens":[51120,12885,525,5494,0,51170],"temperature":0.0,"avg_logprob":-0.3062009811401367,"compression_ratio":1.6137338876724243,"no_speech_prob":0.10957609862089157},{"id":11,"seek":2740,"start":43.52000045776367,"end":45.439998626708984,"text":" Vijf punten, de hoogste score!","tokens":[51170,41201,69,4468,1147,11,368,1106,664,2941,6175,0,51266],"temperature":0.0,"avg_logprob":-0.3062009811401367,"compression_ratio":1.6137338876724243,"no_speech_prob":0.10957609862089157},{"id":12,"seek":2740,"start":45.439998626708984,"end":47.279998779296875,"text":" We hebben een winnaar!","tokens":[51266,492,12116,3881,1942,629,289,0,51358],"temperature":0.0,"avg_logprob":-0.3062009811401367,"compression_ratio":1.6137338876724243,"no_speech_prob":0.10957609862089157},{"id":13,"seek":2740,"start":48.279998779296875,"end":49.36000061035156,"text":" Wat een succes!","tokens":[51408,12593,3881,1965,887,0,51462],"temperature":0.0,"avg_logprob":-0.3062009811401367,"compression_ratio":1.6137338876724243,"no_speech_prob":0.10957609862089157},{"id":14,"seek":2740,"start":49.36000061035156,"end":51.52000045776367,"text":" Vier punten, bijna topklasse!","tokens":[51462,691,811,4468,1147,11,10317,629,1192,74,40255,0,51570],"temperature":0.0,"avg_logprob":-0.3062009811401367,"compression_ratio":1.6137338876724243,"no_speech_prob":0.10957609862089157},{"id":15,"seek":2740,"start":52.63999938964844,"end":53.84000015258789,"text":" Slim gevonden!","tokens":[51626,47428,47103,37982,0,51686],"temperature":0.0,"avg_logprob":-0.3062009811401367,"compression_ratio":1.6137338876724243,"no_speech_prob":0.10957609862089157},{"id":16,"seek":2740,"start":53.84000015258789,"end":56.47999954223633,"text":" Drie punten, een echte uitdager!","tokens":[51686,2491,414,4468,1147,11,3881,308,10553,12528,67,3557,0,51818],"temperature":0.0,"avg_logprob":-0.3062009811401367,"compression_ratio":1.6137338876724243,"no_speech_prob":0.10957609862089157},{"id":17,"seek":5740,"start":57.47999954223633,"end":59.15999984741211,"text":" Ja, dat zijn dan twee punten.","tokens":[50368,3530,11,1137,8004,3277,30660,4468,1147,13,50452],"temperature":0.0,"avg_logprob":-0.2924611568450928,"compression_ratio":1.5704467296600342,"no_speech_prob":0.00030531847733072937},{"id":18,"seek":5740,"start":59.15999984741211,"end":63.31999969482422,"text":" Als je nog beter wilt scoren, kun je nog altijd wat meer spullen op je auto monteren.","tokens":[50452,12948,1506,9638,45425,20501,83,6175,77,11,8215,1506,9638,29191,6858,16318,637,32516,999,1506,8399,47945,268,13,50660],"temperature":0.0,"avg_logprob":-0.2924611568450928,"compression_ratio":1.5704467296600342,"no_speech_prob":0.00030531847733072937},{"id":19,"seek":5740,"start":64.31999969482422,"end":67.76000213623047,"text":" Goed geprobeerd, maar jammer genoeg veel te weinig toeters en bellen.","tokens":[50710,1037,292,30979,24489,7783,11,10314,7872,936,1049,78,1146,16550,535,321,259,328,281,6202,465,4549,268,13,50882],"temperature":0.0,"avg_logprob":-0.2924611568450928,"compression_ratio":1.5704467296600342,"no_speech_prob":0.00030531847733072937},{"id":20,"seek":5740,"start":67.76000213623047,"end":69.23999786376953,"text":" Je krijgt dus maar één punt.",