{"task":"transcribe","language":"dutch","duration":51.790000915527344,"text":"Peggy PC is computerconsulente. Ze woont ver weg, aan de andere kant van de bergen. Ze weet alles over computers. Peggy vindt het echt het einde om samen met Miel computerspelletjes te spelen. Peggy is zo blij dat Miel met haar komt spelen, dat ze hem als beloning een raketmotorkado doet. Dit vreemde huis is van Peggy PC. Ik speel vaak samen met haar computerspelletjes. Dat vindt ze leuk en ze is er verschrikkelijk goed in. Ik doe zo mijn best en toch wint ze keer op keer.","segments":[{"id":0,"seek":0,"start":0.0,"end":29.0,"text":" Peggy PC is computerconsulente. Ze woont ver weg, aan de andere kant van de bergen. Ze weet alles over computers. Peggy vindt het echt het einde om samen met Miel computerspelletjes te spelen.","tokens":[50364,28007,1480,6465,307,3820,21190,425,1576,13,4853,6020,896,1306,15565,11,9904,368,10490,44055,3161,368,5948,1766,13,4853,28991,7874,670,10807,13,28007,1480,20168,83,3639,13972,3639,308,8274,3406,39405,1131,376,1187,10807,49241,302,16549,535,637,14818,13,51814],"temperature":0.0,"avg_logprob":-0.3256087005138397,"compression_ratio":1.4436089992523193,"no_speech_prob":0.04894791543483734},{"id":1,"seek":3000,"start":30.0,"end":37.0,"text":" Peggy is zo blij dat Miel met haar komt spelen, dat ze hem als beloning een raketmotorkado doet.","tokens":[50364,28007,1480,307,5721,26486,1137,376,1187,1131,39371,27760,637,14818,11,1137,5277,8636,3907,989,16638,3881,35544,302,29778,1284,1573,44138,13,50714],"temperature":0.0,"avg_logprob":-0.1734926700592041,"compression_ratio":1.4715025424957275,"no_speech_prob":0.04017072543501854},{"id":2,"seek":3000,"start":37.0,"end":52.0,"text":" Dit vreemde huis is van Peggy PC. Ik speel vaak samen met haar computerspelletjes. Dat vindt ze leuk en ze is er verschrikkelijk goed in. Ik doe zo mijn best en toch wint ze keer op keer.","tokens":[50714,25270,371,265,443,1479,46526,307,3161,28007,1480,6465,13,8316,768,338,49644,39405,1131,39371,10807,49241,302,16549,13,9315,20168,83,5277,32665,465,5277,307,1189,20563,14456,43976,16987,294,13,8316,35319,5721,19884,1151,465,22587,261,686,5277,31531,999,31531,13,51464],"temperature":0.0,"avg_logprob":-0.1734926700592041,"compression_ratio":1.4715025424957275,"no_speech_prob":0.04017072543501854}],"usage":{"type":"duration","seconds":52}}
