{"task":"transcribe","language":"dutch","duration":72.37000274658203,"text":"Stafs groot is inderdaad schroothandelaar. Bij hem kun je gewoonweg alles vinden en allemaal goed om te recycleren. Staf heeft ook een hond, die heet Laika. Vriendelijk beestje, maar hij loopt wel altijd weg. En dan moet Miel hem gaan zoeken. Miel, raad eens. Laika is weer gaan lopen. Heb jij haar toevallig gezien? Nee, ik heb je hond niet gezien. Reken maar, ze zit in mijn auto. Bedankt Miel, dat je Laika thuis hebt gebracht. Kleine rakker. Miel, voor de mooite krijg je een sericaan benzine van me. Alsjeblieft. Nou, bedankt. Nu kan ik nog een heel eind verder rijden. Hier woont Stafs groot, de schroothandelaar. Als ik onderweg ben, neem ik soms zijn hond mee als die weer eens is weggelopen.","segments":[{"id":0,"seek":0,"start":0.0,"end":19.200000762939453,"text":" Stafs groot is inderdaad schroothandelaar. Bij hem kun je gewoonweg alles vinden en","tokens":[50364,745,2792,82,41906,307,1016,260,2675,345,956,340,900,474,4053,289,13,41809,8636,8215,1506,19751,12517,7874,46089,465,51324],"temperature":0.0,"avg_logprob":-0.3543577790260315,"compression_ratio":1.3125,"no_speech_prob":0.03777682036161423},{"id":1,"seek":0,"start":19.200000762939453,"end":25.84000015258789,"text":" allemaal goed om te recycleren. Staf heeft ook een hond, die heet Laika. Vriendelijk","tokens":[51324,29352,16987,3406,535,850,88,66,1918,268,13,745,2792,17425,7839,3881,276,684,11,978,415,302,2369,5439,13,691,4896,19592,51656],"temperature":0.0,"avg_logprob":-0.3543577790260315,"compression_ratio":1.3125,"no_speech_prob":0.03777682036161423},{"id":2,"seek":2584,"start":25.84000015258789,"end":34.91999816894531,"text":" beestje, maar hij loopt wel altijd weg. En dan moet Miel hem gaan zoeken. Miel, raad eens. Laika","tokens":[50364,312,377,2884,11,10314,10625,450,5747,2214,29191,15565,13,2193,3277,12677,376,1187,8636,14118,5721,41021,13,376,1187,11,220,424,345,31246,13,2369,5439,50818],"temperature":0.0,"avg_logprob":-0.25859373807907104,"compression_ratio":1.4764398336410522,"no_speech_prob":0.6411586403846741},{"id":3,"seek":2584,"start":34.91999816894531,"end":44.15999984741211,"text":" is weer gaan lopen. Heb jij haar toevallig gezien? Nee, ik heb je hond niet gezien. Reken maar,","tokens":[50818,307,19662,14118,287,15752,13,15606,28002,39371,281,13379,336,328,18110,1053,30,22067,11,4320,8007,1506,276,684,6899,18110,1053,13,497,41021,10314,11,51280],"temperature":0.0,"avg_logprob":-0.25859373807907104,"compression_ratio":1.4764398336410522,"no_speech_prob":0.6411586403846741},{"id":4,"seek":2584,"start":44.15999984741211,"end":53.08000183105469,"text":" ze zit in mijn auto. Bedankt Miel, dat je Laika thuis hebt gebracht. Kleine rakker. Miel,","tokens":[51280,5277,25013,294,19884,8399,13,19893,657,83,376,1187,11,1137,1506,2369,5439,258,8479,28339,40744,13,17053,533,35544,5767,13,376,1187,11,51726],"temperature":0.0,"avg_logprob":-0.25859373807907104,"compression_ratio":1.4764398336410522,"no_speech_prob":0.6411586403846741},{"id":5,"seek":5308,"start":53.400001525878906,"end":61.68000030517578,"text":" voor de mooite krijg je een sericaan benzine van me. Alsjeblieft. Nou, bedankt. Nu kan ik","tokens":[50380,7358,368,705,78,642,27027,70,1506,3881,816,2262,282,44335,533,3161,385,13,12948,2884,5199,414,844,13,28843,11,2901,657,83,13,13612,4608,4320,50794],"temperature":0.0,"avg_logprob":-0.2775478661060333,"compression_ratio":1.4418604373931885,"no_speech_prob":0.00711526395753026},{"id":6,"seek":5308,"start":61.68000030517578,"end":68.76000213623047,"text":" nog een heel eind verder rijden. Hier woont Stafs groot, de schroothandelaar. Als ik onderweg ben,","tokens":[50794,9638,3881,9430,308,471,47196,47237,1556,13,10886,6020,896,745,2792,82,41906,11,368,956,340,900,474,4053,289,13,12948,4320,20756,12517,3271,11,51148],"temperature":0.0,"avg_logprob":-0.2775478661060333,"compression_ratio":1.4418604373931885,"no_speech_prob":0.00711526395753026},{"id":7,"seek":5308,"start":68.76000213623047,"end":72.27999877929688,"text":" neem ik soms zijn hond mee als die weer eens is weggelopen.","tokens":[51148,408,443,4320,3307,82,8004,276,684,24442,3907,978,19662,31246,307,321,1615,338,15752,13,51324],"temperature":0.0,"avg_logprob":-0.2775478661060333,"compression_ratio":1.4418604373931885,"no_speech_prob":0.00711526395753026}],"usage":{"type":"duration","seconds":73}}
