{"task":"transcribe","language":"dutch","duration":9.170000076293945,"text":"Om deze auto te bouwen heb je jammer genoeg niet genoeg materiaal in voorraad. Je zult nog even moeten wachten tot je meer onderdelen op je schroothoop hebt.","segments":[{"id":0,"seek":0,"start":0.0,"end":5.0,"text":" Om deze auto te bouwen heb je jammer genoeg niet genoeg materiaal in voorraad.","tokens":[50364,9757,18040,8399,535,15345,15615,8007,1506,7872,936,1049,78,1146,6899,1049,78,1146,34083,304,294,7358,424,345,13,50614],"temperature":0.0,"avg_logprob":-0.23069418966770172,"compression_ratio":1.3305084705352783,"no_speech_prob":0.00017808785196393728},{"id":1,"seek":0,"start":5.0,"end":9.0,"text":" Je zult nog even moeten wachten tot je meer onderdelen op je schroothoop hebt.","tokens":[50614,2588,710,723,9638,754,26175,261,20806,1993,1506,16318,20756,67,14818,999,1506,956,340,900,15812,28339,13,50814],"temperature":0.0,"avg_logprob":-0.23069418966770172,"compression_ratio":1.3305084705352783,"no_speech_prob":0.00017808785196393728}],"usage":{"type":"duration","seconds":10}}
