{"task":"transcribe","language":"dutch","duration":22.889999389648438,"text":"Welwel Laika, wat doe jij hier? Jij woont toch bij Stafsgroot? Wel, kleine Laika, ben je weer eens verloren gelopen? Kom, dan breng ik je met de auto terug naar Staf. Hij zal helemaal ongerust zijn!","segments":[{"id":0,"seek":0,"start":0.0,"end":13.0,"text":" Welwel Laika, wat doe jij hier? Jij woont toch bij Stafsgroot?","tokens":[50364,3778,45512,2369,5439,11,6858,35319,28002,3296,30,508,1718,6020,896,22587,10317,745,2792,82,17427,310,30,51014],"temperature":0.0,"avg_logprob":-0.31264224648475647,"compression_ratio":1.3288590908050537,"no_speech_prob":0.0010798812145367265},{"id":1,"seek":0,"start":13.0,"end":23.0,"text":" Wel, kleine Laika, ben je weer eens verloren gelopen? Kom, dan breng ik je met de auto terug naar Staf. Hij zal helemaal ongerust zijn!","tokens":[51014,3778,11,22278,2369,5439,11,3271,1506,19662,31246,44884,4087,15752,30,14286,11,3277,1403,872,4320,1506,1131,368,8399,35020,12762,745,2792,13,27832,29599,33595,322,1321,381,8004,0,51514],"temperature":0.0,"avg_logprob":-0.31264224648475647,"compression_ratio":1.3288590908050537,"no_speech_prob":0.0010798812145367265}],"usage":{"type":"duration","seconds":23}}
