{"task":"transcribe","language":"dutch","duration":51.16999816894531,"text":"Ah, verdorie, die motor is veel te zwak. Zo lukt dat nooit. Wow, dat ging snel. Maar wat is dat daar? Net wat ik nodig heb. Wat een pech, er ligt een boom op de weg. Hier kan ik niet door.","segments":[{"id":0,"seek":3000,"start":30.0,"end":35.0,"text":" Ah, verdorie, die motor is veel te zwak. Zo lukt dat nooit.","tokens":[50364,2438,11,6387,17473,11,978,5932,307,16550,535,11873,514,13,10337,287,46315,1137,48286,13,50614],"temperature":0.0,"avg_logprob":-0.35435760021209717,"compression_ratio":1.3525179624557495,"no_speech_prob":0.001282320823520422},{"id":1,"seek":3000,"start":36.0,"end":42.0,"text":" Wow, dat ging snel. Maar wat is dat daar?","tokens":[50664,3153,11,1137,21924,42582,13,14294,6858,307,1137,12390,30,50964],"temperature":0.0,"avg_logprob":-0.35435760021209717,"compression_ratio":1.3525179624557495,"no_speech_prob":0.001282320823520422},{"id":2,"seek":3000,"start":43.0,"end":44.0,"text":" Net wat ik nodig heb.","tokens":[51014,6188,6858,4320,43409,8007,13,51064],"temperature":0.0,"avg_logprob":-0.35435760021209717,"compression_ratio":1.3525179624557495,"no_speech_prob":0.001282320823520422},{"id":3,"seek":3000,"start":45.0,"end":52.0,"text":" Wat een pech, er ligt een boom op de weg. Hier kan ik niet door.","tokens":[51114,12593,3881,520,339,11,1189,287,5828,3881,9351,999,368,15565,13,10886,4608,4320,6899,2853,13,51464],"temperature":0.0,"avg_logprob":-0.35435760021209717,"compression_ratio":1.3525179624557495,"no_speech_prob":0.001282320823520422}],"usage":{"type":"duration","seconds":52}}
