{"task":"transcribe","language":"dutch","duration":3.930000066757202,"text":"Daar kun je nog iets mee bouwen!","segments":[{"id":0,"seek":0,"start":0.0,"end":2.0,"text":" Daar kun je nog iets mee bouwen!","tokens":[50364,29883,8215,1506,9638,24791,24442,15345,15615,0,50464],"temperature":0.0,"avg_logprob":-0.3431757688522339,"compression_ratio":0.800000011920929,"no_speech_prob":0.0013806046918034554}],"usage":{"type":"duration","seconds":4}}
