{"text": " Nee, ik heb je hond niet gezien.", "segments": [{"id": 0, "seek": 0, "start": 0.0, "end": 2.7600000000000002, "text": " Nee, ik heb je hond niet gezien.", "tokens": [50364, 22067, 11, 4320, 8007, 1506, 276, 684, 6899, 18110, 1053, 13, 50502], "temperature": 0.0, "avg_logprob": -0.2794117586953299, "compression_ratio": 0.8, "no_speech_prob": 0.057868681848049164}], "language": "Dutch"}