{"text": " Reken maar, ze zitten in mijn auto!", "segments": [{"id": 0, "seek": 0, "start": 0.0, "end": 2.5, "text": " Reken maar, ze zitten in mijn auto!", "tokens": [50364, 497, 41021, 10314, 11, 5277, 35242, 294, 19884, 8399, 0, 50489], "temperature": 0.0, "avg_logprob": -0.3142399054307204, "compression_ratio": 0.875, "no_speech_prob": 0.008526777848601341}], "language": "Dutch"}