{"text": " Miel, Ratis, Laika is weer gaan lopen. Heb jij haar toevallig gezien?", "segments": [{"id": 0, "seek": 0, "start": 0.0, "end": 7.26, "text": " Miel, Ratis, Laika is weer gaan lopen. Heb jij haar toevallig gezien?", "tokens": [50364, 376, 1187, 11, 24269, 271, 11, 2369, 5439, 307, 19662, 14118, 287, 15752, 13, 15606, 28002, 39371, 281, 13379, 336, 328, 18110, 1053, 30, 50727], "temperature": 0.0, "avg_logprob": -0.35866981082492405, "compression_ratio": 0.9324324324324325, "no_speech_prob": 0.13615062832832336}], "language": "Dutch"}