{"text": " Nou, bedankt. Nu kan ik nog een heel end verder rijden.", "segments": [{"id": 0, "seek": 0, "start": 0.0, "end": 3.68, "text": " Nou, bedankt. Nu kan ik nog een heel end verder rijden.", "tokens": [50364, 28843, 11, 2901, 657, 83, 13, 13612, 4608, 4320, 9638, 3881, 9430, 917, 47196, 47237, 1556, 13, 50548], "temperature": 0.0, "avg_logprob": -0.2760283946990967, "compression_ratio": 0.9322033898305084, "no_speech_prob": 0.009560144506394863}], "language": "Dutch"}