{"text": " Bedankt Miel, dat je Laika thuis hebt gebracht. Kleine rakker. Miel, voor de moeite krijg je een Sericam benzine van me. Alsjeblieft.", "segments": [{"id": 0, "seek": 0, "start": 0.0, "end": 3.36, "text": " Bedankt Miel, dat je Laika thuis hebt gebracht.", "tokens": [50364, 19893, 657, 83, 376, 1187, 11, 1137, 1506, 2369, 5439, 258, 8479, 28339, 40744, 13, 50532], "temperature": 0.0, "avg_logprob": -0.3802857832475142, "compression_ratio": 1.209090909090909, "no_speech_prob": 0.2549504339694977}, {"id": 1, "seek": 0, "start": 3.92, "end": 5.28, "text": " Kleine rakker.", "tokens": [50560, 17053, 533, 35544, 5767, 13, 50628], "temperature": 0.0, "avg_logprob": -0.3802857832475142, "compression_ratio": 1.209090909090909, "no_speech_prob": 0.2549504339694977}, {"id": 2, "seek": 0, "start": 6.0, "end": 10.08, "text": " Miel, voor de moeite krijg je een Sericam benzine van me.", "tokens": [50664, 376, 1187, 11, 7358, 368, 705, 68, 642, 27027, 70, 1506, 3881, 4210, 299, 335, 44335, 533, 3161, 385, 13, 50868], "temperature": 0.0, "avg_logprob": -0.3802857832475142, "compression_ratio": 1.209090909090909, "no_speech_prob": 0.2549504339694977}, {"id": 3, "seek": 0, "start": 10.88, "end": 11.68, "text": " Alsjeblieft.", "tokens": [50908, 12948, 2884, 5199, 414, 844, 13, 50948], "temperature": 0.0, "avg_logprob": -0.3802857832475142, "compression_ratio": 1.209090909090909, "no_speech_prob": 0.2549504339694977}], "language": "Dutch"}