{"text": " Wat jammer, geen post!", "segments": [{"id": 0, "seek": 0, "start": 0.0, "end": 2.0, "text": " Wat jammer, geen post!", "tokens": [50364, 12593, 7872, 936, 11, 21773, 2183, 0, 50464], "temperature": 0.0, "avg_logprob": -0.3803725242614746, "compression_ratio": 0.7333333333333333, "no_speech_prob": 0.040772661566734314}], "language": "Dutch"}